UUID,Modified,Item,Replacement Value,Replacement Currency,Purchase Price,Purchase Currency,Quantity,Retailer,Purchase Date,Warranty Months,Warranty Expiry,Warranty Info,Make,Model,Serial No,Property,Location,Categories,Notes,Photos
A1CA428F-D447-4BCD-939D-F4427D44974E,2025-11-11T16:20:03.302,Alzatina vetro 20,,,,,1,,,,,,,,C008,Home,Alzatine,BX013,,"IMG784459225003.jpg
IMG784459261537.jpg
IMG784459277040.jpg"
9265B3AB-D585-49B7-B030-0FAC06A145D9,2025-11-11T16:20:29.942,Alzatina vetro 21,,,,,1,,,,,,,,C002,Home,Alzatine,BX013,,"IMG784458365683.jpg
IMG784458450875.jpg
IMG784458497443.jpg"
D8DDB32E-A658-43A3-8F8A-1714C4FC9DD4,2025-11-11T16:20:16.759,Alzatina vetro 22,,,,,1,,,,,,,,C001,Home,Alzatine,BX013,,"IMG784458182375.jpg
IMG784458257813.jpg
IMG784458292690.jpg"
FA7AC181-4C2D-4103-A9F2-B3F02264E6F5,2025-11-11T16:20:52.396,Alzatina vetro 24,,,,,1,,,,,,,,C004,Home,Alzatine,BX013,,"IMG784458729188.jpg
IMG784458770649.jpg
IMG784458808507.jpg"
7533E61B-1024-4F82-8118-770965F54032,2025-11-11T16:21:02.141,Alzatina vetro trifoglio 23,,,,,1,,,,,,,,C009,Home,Alzatine,BX013,,"IMG784459312673.jpg
IMG784459316423.jpg
IMG784459330839.jpg
IMG784459339947.jpg"
E9357E7F-82A6-4A3E-955F-7F1BEB3A7079,2025-11-10T11:08:46.586,Alzatina 20,,,,,1,,2025-11-10,,,,,,C003,Home,Alzatine,,,"IMG784458634083.jpg
IMG784458675677.jpg
IMG784458685692.jpg"
68A680E2-78B7-43D4-BF07-4025808EB79D,2025-11-10T11:09:11.913,Alzatina bassa  22,,,,,1,,2025-11-10,,,,,,C007,Home,Alzatine,,,"IMG784459096016.jpg
IMG784459111798.jpg
IMG784459171967.jpg
IMG784459189073.jpg"
A025B4F1-94C7-4F27-A723-0BE5C62BC2A0,2025-11-10T11:08:18.407,Alzatina vetro 17,,,,,1,,2025-11-10,,,,,,C005,Home,Alzatine,,,"IMG784458853242.jpg
IMG784458896586.jpg
IMG784458918439.jpg"
AAD68E9F-5F61-4D8C-9490-FE7E36E6CF92,2025-11-10T11:07:45.165,Alzatina vetro 19,,,,,1,,2025-11-10,,,,,,C006,Home,Alzatine,,,"IMG784458948967.jpg
IMG784459016542.jpg
IMG784459029831.jpg"
4F56480C-9761-41AA-82FC-67692758D498,2025-11-12T11:01:27.133,Calice argento,,,,,1,,,,,,,,Z002,Home,Argento,BX016,,"IMG784634454999.jpg
IMG784634464662.jpg"
65B4ABA7-5666-4EF1-9186-BBB02399677D,2025-11-12T11:09:16.575,Caraffa grande,,,,,1,,,,,,,,Z007,Home,Argento,BX016,,"IMG784634893081.jpg
IMG784634915929.jpg"
D2A38594-2387-4618-BD8D-3D9EE7AB101B,2025-11-12T10:59:05.459,Coppia candelieri alti,,,,,1,,,,,,,,Z001,Home,Argento,BX016,,"IMG784634284323.jpg
IMG784634297560.jpg"
2036803D-B03D-47BF-8A15-5C631D541CDC,2025-11-12T11:07:32.702,Lattiera argento,,,,,1,,,,,,,,Z006,Home,Argento,BX016,,"IMG784634826364.jpg
IMG784634832299.jpg"
68292729-4F00-402E-A34B-4CF0205FDB03,2025-11-12T11:04:48.082,Lattiera piccola,,,,,1,,,,,,,,Z004,Home,Argento,BX016,,"IMG784634645253.jpg
IMG784634664655.jpg"
DFBD87BC-B440-4708-8557-69BD46CB6D0B,2025-11-12T11:18:21.720,Piattino argento,,,,,1,,,,,,,,Z011,Home,Argento,BX016,,"IMG784635469008.jpg
IMG784635479422.jpg"
3B189091-33B0-4453-8301-FD6C5AB646AD,2025-11-12T11:11:57.889,Portatoast o porta documenti,,,,,1,,,,,,,,Z008,Home,Argento,BX016,,"IMG784634994604.jpg
IMG784635004724.jpg"
EE6FB089-1493-4A00-87B1-D60B27C52441,2025-11-12T11:13:53.330,Vassoio ovale,,,,,1,,,,,,,,Z009,Home,Argento,BX016,,"IMG784635183777.jpg
IMG784635198037.jpg"
CE816507-6EBB-4A55-9587-0BCD3DA20F26,2025-11-12T11:16:15.152,Vassoio ovale due manici,,,,,1,,,,,,,,Z010,Home,Argento,BX016,,"IMG784635334285.jpg
IMG784635296438.jpg
IMG784635311687.jpg"
B27FB8D2-BC59-40AB-8DED-9BB9D198391D,2025-11-12T11:06:15.351,Zuccheriera argento,,,,,1,,,,,,,,Z005,Home,Argento,BX016,,"IMG784634746135.jpg
IMG784634755380.jpg"
21FFA22E-B797-4EDD-864D-2A2187311022,2025-11-12T11:03:11.276,Zuccheriera con cucchiaino,,,,,1,,,,,,,,Z003,Home,Argento,BX016,,"IMG784634544332.jpg
IMG784634560175.jpg"
FA4D4953-4B86-4CF0-B813-CA2A2D6CE699,2025-11-10T09:51:13.769,Alto calice vetro decorazione verde,,,,,1,,,,,,,,B022,Home,Bicchieri,,,"IMG784457424256.jpg
IMG784457471940.jpg"
05E9F673-B3C8-4A43-898D-C29E16ADBE78,2025-11-10T16:35:25.507,Altro calice fumo,,,,,1,,,,,,,,B021,Home,Bicchieri,BX012,,"IMG784457357223.jpg
IMG784457387424.jpg"
7DB01A68-0B6C-481C-ADC3-B0AFD060A612,2025-11-12T12:11:54.549,Bicchiere calice bianco bordo nero,,,,,1,,,,,,,,B014,Home,Bicchieri,BX006,,"IMG784456778633.jpg
IMG784456830625.jpg"
1BC1C57C-4E63-47B8-AD0F-A3895DBAF804,2025-11-10T09:34:27.670,Bicchiere calice vetro arcobaleno,,,,,1,,,,,,,,B010,Home,Bicchieri,,,"IMG784456423554.jpg
IMG784456466029.jpg"
EA1C3169-2682-4D57-8ED2-59C89DC5F3DF,2025-11-10T09:30:43.151,Bicchiere calice vetro bianco oro,,,,,1,,,,,,,,B007,Home,Bicchieri,,,"IMG784456209675.jpg
IMG784456241008.jpg"
5BF2FC65-D4AD-4246-9A80-27EEC77F1837,2025-11-10T16:34:59.444,Bicchiere calice vetro blu pesce,,,,,1,,,,,,,,B018,Home,Bicchieri,BX012,,"IMG784457072173.jpg
IMG784457120467.jpg"
FA0C9B0C-5F35-4E61-808F-AD18103BA592,2025-11-12T12:11:35.164,Bicchiere calice vetro decorazione oro,,,,,1,,,,,,,,B015,Home,Bicchieri,BX006,,"IMG784456863432.jpg
IMG784456900930.jpg"
502C65F3-A6BA-4DDC-B67B-695D8191B60C,2025-11-10T09:33:12.787,Bicchiere calice vetro verde blu,,,,,1,,,,,,,,B009,Home,Bicchieri,,,"IMG784456344712.jpg
IMG784456383318.jpg"
72D283AD-845F-4D48-A819-A18FD97EA731,2025-11-12T12:11:23.903,Bicchiere calice viola blu,,,,,1,,,,,,,,B016,Home,Bicchieri,BX006,,"IMG784456940110.jpg
IMG784456973829.jpg"
34F8DC4B-46D9-41D7-B34F-ED6C05C405E7,2025-11-10T10:42:38.874,Bicchiere ceramica bianco fiori bucati,,,,,1,,,,,,,,B003,Home,Bicchieri,BX004,,IMG784455847830.jpg
4788D1DA-9B80-4356-9206-D111DF31D74E,2025-11-10T09:26:53.221,Bicchiere vetro corona ancora,,,,,1,,,,,,,,B004,Home,Bicchieri,,,"IMG784455973769.jpg
IMG784456010950.jpg"
2DA7703D-3C77-49F2-9B7E-70DA9470A094,2025-11-10T10:46:03.770,Bicchiere vetro decorazione oro,,,,,1,,,,,,,,B002,Home,Bicchieri,BX004,,"IMG784455739511.jpg
IMG784455782980.jpg"
259C2327-2928-45CD-AA17-AB326411E4F8,2025-11-10T09:56:47.991,Bicchiere vetro disegni,,,,,1,,,,,,,,B026,Home,Bicchieri,,,"IMG784457768071.jpg
IMG784457806551.jpg"
397609DE-37B1-40BF-8268-EC3214388DE8,2025-11-10T16:08:21.977,Bicchiere vetro doppia coppa,,,,,1,,,,,,,,B008,Home,Bicchieri,BX007,,"IMG784456273219.jpg
IMG784456311933.jpg"
C0F76D58-3D3A-4CB9-BB6C-30F72742DF28,2025-11-10T16:08:05.244,Bicchiere vetro doppia coppa,,,,,1,,,,,,,,B011,Home,Bicchieri,BX007,,"IMG784456503865.jpg
IMG784456539636.jpg"
5F01CC3F-A814-4580-A945-8638666CB05C,2025-11-10T09:55:31.158,Bicchiere vetro oro  2006 ,,,,,1,,,,,,,,B025,Home,Bicchieri,,,"IMG784457684058.jpg
IMG784457729290.jpg"
33C0CB07-5630-449D-B2F3-192A99290C14,2025-11-10T10:39:22.153,Bicchiere vetro rosso,,,,,1,,,,,,,,B001,Home,Bicchieri,BX004,Piccola sbeccatura sul bordo,"IMG784455579637.jpg
IMG784455643939.jpg"
5C0AFA68-8613-49F1-B2E5-200C854F8A64,2025-11-10T10:39:14.829,Bicchiere vetro rosso calice,,,,,1,,,,,,,,B005,Home,Bicchieri,BX004,,"IMG784456079970.jpg
IMG784456110994.jpg"
57975E5F-8025-411D-8D44-E3ED425A1CE5,2025-11-12T12:11:08.504,Bicchiere vetro rosso scuro,,,,,1,,,,,,,,B006,Home,Bicchieri,BX006,,IMG784456142526.jpg
D33FD366-37EB-403C-8271-574E01F0394A,2025-11-10T09:44:04.106,Bicchiere vetro sfumatura blu,,,,,1,,,,,,,,B017,Home,Bicchieri,,,"IMG784457008784.jpg
IMG784457041363.jpg"
4F6C51DD-BF76-47AB-A821-2FE06E94A568,2025-11-10T16:15:17.857,Bottiglietta vetro blu,,,,,1,,,,,,,,B019,Home,Bicchieri,BX007,,"IMG784457158677.jpg
IMG784457191085.jpg"
4FE43733-4BC1-4067-8186-A5993992C909,2025-11-10T09:36:58.194,Bottiglietta vetro viola,,,,,1,,,,,,,,B012,Home,Bicchieri,,,"IMG784456578354.jpg
IMG784456616418.jpg"
6F64F263-B622-4565-8CD1-EB11EF219535,2025-11-10T16:14:42.923,Calice vetro fiori  torre di Pisa ,,,,,1,,,,,,,,B023,Home,Bicchieri,BX007,,"IMG784457509902.jpg
IMG784457554550.jpg
IMG784457557330.jpg"
501981A6-03D3-4D15-B9CF-16648069D223,2025-11-10T09:57:23.630,Coppa vetro geometria sfumatura gialla,,,,,1,,,,,,,,B024,Home,Bicchieri,,,"IMG784457599369.jpg
IMG784457641609.jpg"
205DF508-5E0B-49F8-8350-BB908B2F2A23,2025-11-10T16:19:41.430,Coppa vetro rosa,,,,,1,,,,,,,,B013,Home,Bicchieri,BX008,,"IMG784456695608.jpg
IMG784456743248.jpg"
DA82F60C-ECD3-4877-8710-B7D2BCF6FD02,2025-11-10T16:30:23.689,Grande calice vetro decorazioni rosa,,,,,1,,,,,,,,B020,Home,Bicchieri,BX012,,"IMG784457233267.jpg
IMG784457268544.jpg"
69391376-D809-4C1F-9818-D27E040AB5E8,2025-11-12T15:12:50.255,11.5x15.5 - 8.5x12.5 argento floreale,,,,,1,,,,,,,,N006,Home,Cornici,BX017,,"IMG784649481546.jpg
IMG784649490250.jpg"
797F0916-F857-4747-B149-FA17A1F85253,2025-11-12T15:22:52.531,11.5x15.5 - 8.5x12.5 ritratto argento,,,,,1,,,,,,,,N008,Home,Cornici,BX017,,"IMG784650098320.jpg
IMG784650104478.jpg"
1788D9DB-93CB-4520-840C-FE9662094E82,2025-11-12T15:26:10.322,11x15 - 8.5x12.5 ritratto argento,,,,,1,,,,,,,,N009,Home,Cornici,BX017,"Un po  malandata, da restaurare","IMG784650279857.jpg
IMG784650286678.jpg"
F997EBB8-A933-49B3-8B50-C323B8C6D823,2025-11-12T15:28:37.809,13x20 - 9.5x14.5 ritratto ovale argento,,,,,1,,,,,,,,N010,Home,Cornici,BX017,,"IMG784650452145.jpg
IMG784650457343.jpg"
E4DEE354-68C1-454C-9A7E-6BD41968BD48,2025-11-12T16:08:19.157,14 - 9 ritratto argento rotondo,,,,,1,,,,,,,,N023,Home,Cornici,BX017,,"IMG784652835189.jpg
IMG784652839854.jpg"
C1680508-7DFA-4C77-8130-5D9702A75219,2025-11-12T16:21:30.052,14.5x19.5 (una met ) - 12x17 ritratto doppio,,,,,1,,,,,,,,N027,Home,Cornici,BX017,Apprendibile a muro,"IMG784653533155.jpg
IMG784653541094.jpg"
B3201EB9-B59A-47AE-B688-BBB54AE0413A,2025-11-12T16:10:45.050,15x18.5 - 12.5x15.5 ritratto argento ovale,,,,,1,,,,,,,,N024,Home,Cornici,BX017,,"IMG784652974824.jpg
IMG784652987344.jpg"
FDCC602A-2472-4AC7-870C-6E030BEF82EA,2025-11-12T15:47:59.360,16.5x21.5 - 13x18 ritratti argenti floreale,,,,,1,,,,,,,,N016,Home,Cornici,BX017,,"IMG784651599340.jpg
IMG784651608038.jpg"
3F33E2D6-4CC2-431B-8BDC-E07B5A08E4E0,2025-11-12T15:41:13.183,16x21 - 12.5x18 ritratto argento ricamato,,,,,1,,,,,,,,N014,Home,Cornici,BX017,,"IMG784651214835.jpg
IMG784651218516.jpg"
B94CD9A7-BDA2-41DE-B9EB-84B3A8D122B9,2025-11-12T16:00:53.700,16x21 - 13x18 ritratto argento punzonato,,,,,1,,,,,,,,N021,Home,Cornici,BX017,,"IMG784652394008.jpg
IMG784652398542.jpg"
1C1F3D4A-EAD1-4879-8CD6-15047E121B32,2025-11-12T15:50:12.684,17.5x22.5 - 13x18 ritratto argento rettangolare,,,,,1,,,,,,,,N017,Home,Cornici,BX017,,"IMG784651753191.jpg
IMG784651757608.jpg"
290CCB0C-39F3-4392-A27F-CCE7DC0CCDBA,2025-11-12T15:58:23.877,17x22 - 13x18 ritratto argento angoli floreali,,,,,1,,,,,,,,N020,Home,Cornici,BX017,,"IMG784652245621.jpg
IMG784652249816.jpg"
3C8E0291-CD69-4B3F-8049-7C0578C7550D,2025-11-12T16:05:03.072,19x24 - 14x18.5 ritratto cornice argento,,,,,1,,,,,,,,N022,Home,Cornici,BX017,,"IMG784652641734.jpg
IMG784652645373.jpg"
142B6B71-621F-49ED-8252-BF87D0C2A5E9,2025-11-12T15:52:46.580,19x25 - 15.5x20.5 ritratto argento cornice,,,,,1,,,,,,,,N018,Home,Cornici,BX017,,"IMG784651896645.jpg
IMG784651900493.jpg"
3C281B49-21A6-4CDE-9878-99DD91FF2E5A,2025-11-12T15:44:12.925,20x15 trasparente magnetica,,,,,1,,,,,,,,N015,Home,Cornici,BX017,,IMG784651406636.jpg
A4F1258A-276E-42C3-8B6F-B778115B6BB5,2025-11-12T16:13:36.049,21.5x27.5 - 18x24 ritratto argento rettangolare,,,,,1,,,,,,,,N025,Home,Cornici,BX017,,"IMG784653146525.jpg
IMG784653153031.jpg"
96DF785F-AD99-457A-8F2C-887A387151E5,2025-11-12T15:36:46.562,21.5x27.5 - 19x24 Rosario argento rettangolare,,,,,1,,,,,,,,N012,Home,Cornici,BX017,,"IMG784650949662.jpg
IMG784650954367.jpg"
050874F3-C91C-46E0-BFA2-E605FC8F37F2,2025-11-12T15:34:21.773,21.5x28.5 - 18x24 ritratto argento rettangolare,,,,,1,,,,,,,,N011,Home,Cornici,BX017,,"IMG784650740399.jpg
IMG784650755085.jpg"
DD078EA8-0DCE-425F-B5BD-E3D3006D6A17,2025-11-12T15:39:04.731,21x27 - 17.5x23.5 ritratto argento rettangolare,,,,,1,,,,,,,,N013,Home,Cornici,BX017,,"IMG784651082445.jpg
IMG784651089324.jpg"
A15D769A-7082-448D-BE1A-77341EB5B94E,2025-11-12T16:16:55.153,23x29 - 18x24 ritratto argento rettangolare decorato,,,,,1,,,,,,,,N026,Home,Cornici,BX017,,"IMG784653351071.jpg
IMG784653356659.jpg"
13EA71A4-BB7C-488E-92F0-2A6F50201D70,2025-11-12T15:55:55.661,26x21.5 - 13x18 ritratto argento decorso retro velluto viola,,,,,1,,,,,,,,N019,Home,Cornici,BX017,,"IMG784652093544.jpg
IMG784652097776.jpg"
701517D8-4CD1-44AF-AA69-49FAC4DBE12C,2025-11-12T14:37:31.960,39x47.5 - 29.5x38.5 ritratto vintage legno dotato,,,,,1,,,,,,,,N003,Home,Cornici,,,IMG784647379783.jpg
59281869-2513-400D-8AE9-D064FA2E3174,2025-11-12T14:32:40.393,40.5x43.5 - 23x26 cornice grigio argento,,,,,1,,,,,,,,N001,Home,Cornici,,,IMG784647069090.jpg
33796FCD-B3AD-43D9-B73E-F0412EB4C2A4,2025-11-12T14:39:42.530,42x57 - 33x49 ritratto legno marrone,,,,,1,,,,,,,,N004,Home,Cornici,,,IMG784647527647.jpg
8B480493-D25C-457B-97C9-DC1C2D55D609,2025-11-12T14:35:09.535,44x52.5 - 36x44.5 ritratto marrone legno,,,,,1,,,,,,,,N002,Home,Cornici,,,IMG784647238720.jpg
5A4300BE-096D-4C46-B6B0-3E2132993AFC,2025-11-12T15:16:22.808,9x12 - 5.5x9 argento moderna,,,,,1,,,,,,,,N007,Home,Cornici,BX017,,"IMG784649720778.jpg
IMG784649726118.jpg"
22DDF107-71FA-471E-8198-31D266A6EC8B,2025-11-12T15:11:10.825,Fiore argento,,,,,1,,,,,,,,N005,Home,Cornici,BX017,,"IMG784649141523.jpg
IMG784649149758.jpg
IMG784649193582.jpg"
67C65780-838A-4721-B91F-D61C401310BF,2025-11-11T17:28:33.859,Ampolla ceramica bianca fiore azzurro (scrittura?),,,,,1,,,,,,,,G015,Home,Giappone,BX014,,"IMG784477787128.jpg
IMG784477801605.jpg"
A632C684-B488-4565-A87E-64F9AA88ED4F,2025-11-11T17:29:23.423,Bicchiere marrone floreale,,,,,1,,,,,,,,G009,Home,Giappone,BX014,,"IMG784476655059.jpg
IMG784476704808.jpg"
6DB8A682-9549-46F9-90DE-8A6C05370400,2025-11-12T10:01:50.571,Bicchiere terracotta,,,,,1,,,,,,,,G029,Home,Giappone,BX015,,"IMG784630871095.jpg
IMG784630879120.jpg"
5B06719C-C833-49F0-BB35-96935FCF15A7,2025-12-10T10:36:04.814,Borsa seta nera fiori rossi,,,,,1,,,,,,,,G056,Home,Giappone,,,"IMG787052049531.jpg
IMG787052162129.jpg"
7B230C43-AA79-4D0D-9AD2-A4C6CF6B398F,2025-12-10T10:44:48.922,Borsetta blu,,,,,1,,,,,,,,G057,Home,Giappone,,,"IMG787052299694.jpg
IMG787052307199.jpg"
9C15ED23-A7B0-47A0-A3AC-AE36F9090C39,2025-12-10T11:04:53.946,Borsetta rosa floreale,,,,,1,,,,,,,,G060,Home,Giappone,,,"IMG787053831215.jpg
IMG787053862428.jpg"
55D88B95-9910-4576-A7F6-7034C97A00C4,2025-11-11T17:10:08.765,Bottiglia sake bianca blu striata,,,,,1,,,,,,,,G004,Home,Giappone,BX014,,"IMG784462748784.jpg
IMG784462763821.jpg"
75BD81BF-E572-4165-8353-41F009208FC7,2025-11-11T16:59:40.473,Bottiglia sake marrone raku,,,,,1,,,,,,,,G001,Home,Giappone,BX014,,"IMG784462358967.jpg
IMG784462370201.jpg
IMG784462379975.jpg"
C8996FA0-2EDB-4860-B2BA-3B1DB698BA8C,2025-11-11T17:17:19.697,Bottiglia sake nero,,,,,1,,,,,,,,G002,Home,Giappone,BX014,,"IMG784462549392.jpg
IMG784462560359.jpg
IMG784462570164.jpg"
F1B015B8-75A9-4D77-A7DC-EAC948FCB53F,2025-11-11T17:17:09.058,Bottiglia sake verde,,,,,1,,,,,,,,G003,Home,Giappone,BX014,,"IMG784462673392.jpg
IMG784462690620.jpg
IMG784462696848.jpg"
5665F984-CDC9-4706-9642-F9FFC78F7D16,2025-11-11T17:13:13.574,Bottiglia sake verde marrone,,,,,1,,,,,,,,G007,Home,Giappone,BX014,,"IMG784463022326.jpg
IMG784463028642.jpg
IMG784463039087.jpg"
117F8F33-500E-46DF-BD7D-06CF5802336B,2025-11-11T16:53:33.374,Caraffa metallo bronzo scuro,,,,,1,,,,,,,,G010,Home,Giappone,BX014,,"IMG784476835769.jpg
IMG784476877579.jpg
IMG784476893818.jpg"
E30D492A-A209-408C-B9E2-1074919FFB15,2025-12-10T11:11:17.565,Cestino bambù,,,,,1,,,,,,,,G062,Home,Giappone,,,"IMG787054223593.jpg
IMG787054271111.jpg"
46300132-070E-43B7-9683-13938C813450,2025-12-10T11:13:08.974,Cestino bambù porta fiori,,,,,1,,,,,,,,G063,Home,Giappone,,,"IMG787054322797.jpg
IMG787054368128.jpg
IMG787054380739.jpg"
863F9FE6-CD2D-4B11-BA6C-7A6CAC3EADB5,2025-11-11T17:06:20.315,Ciotola terracotta scacchiera verdina “iperboloide”,,,,,1,,,,,,,,G018,Home,Giappone,BX014,,"IMG784478130699.jpg
IMG784478134119.jpg
IMG784478151504.jpg"
A1C7A949-32C1-4EBD-BCCE-738D5B083175,2025-12-10T11:00:44.255,Collezione piccoli ventagli 20cm,,,,,1,,,,,,,,G059,Home,Giappone,,,IMG787053574467.jpg
7F68AF79-EB2E-41B7-9AB9-393A50330CD8,2025-11-12T10:50:26.969,Contenitore ceramica rosso blu,,,,,1,,,,,,,,G043,Home,Giappone,BX015,,"IMG784633725201.jpg
IMG784633730298.jpg
IMG784633741247.jpg"
1A24BCCE-C820-41CF-8F26-63698DDAAA45,2025-11-12T09:59:46.059,Contenitore lacca rosso,,,,,1,,,,,,,,G028,Home,Giappone,BX015,,"IMG784630747895.jpg
IMG784630760472.jpg"
527B8D26-21E8-4D7E-9389-5D499C25B8E0,2025-11-12T09:58:17.142,Contenitore metallo fiori colorati,,,,,1,,,,,,,,G027,Home,Oggetti vari,BX015,,"IMG784630640211.jpg
IMG784630656763.jpg"
08950A75-9F38-46FB-8174-07943757CC47,2025-11-12T09:54:35.576,Coppa bianca fiori,,,,,1,,,,,,,,G025,Home,Giappone,BX015,,"IMG784630294587.jpg
IMG784630312224.jpg"
3362C99A-86E4-4FA7-997C-A08B0343ADF1,2025-11-12T10:08:46.285,Coppa ceramica bianca fiori colorati,,,,,1,,,,,,,,G033,Home,Giappone,BX015,,"IMG784631271580.jpg
IMG784631289531.jpg"
D182A662-3F1F-4960-A18A-B2C3BDC31B01,2025-11-12T10:11:35.557,Coppa ceramica rosa petali azzurri,,,,,1,,,,,,,,G034,Home,Giappone,BX015,,"IMG784631432707.jpg
IMG784631445156.jpg"
DF994EE0-7A50-4ED9-834D-B0B0A9686C62,2025-11-12T10:07:04.296,Coppa lacca rossa geometria,,,,,1,,,,,,,,G032,Home,Giappone,BX015,,"IMG784631182977.jpg
IMG784631188828.jpg
IMG784631199707.jpg"
57D8E91F-EBD6-4524-8911-733ECB735251,2025-11-12T10:05:36.405,Coppa terracotta tre piedini,,,,,1,,,,,,,,G031,Home,Giappone,BX015,,"IMG784631086663.jpg
IMG784631092868.jpg
IMG784631103956.jpg"
4F4B6008-E206-413D-AE0C-89319C0126E5,2025-11-10T15:40:11.764,Coppia ciotole laccate rosse coperchio nero,,,,,1,,,,,,,,G019,Home,Giappone,,,IMG784478342868.jpg
8D64AD1F-D217-41D4-BC71-845B95F1D91C,2025-11-11T17:20:34.942,Coppia piattini lacca rossi Fuji,,,,,1,,,,,,,,G020,Home,Giappone,BX014,,"IMG784478615476.jpg
IMG784478623879.jpg
IMG784478638488.jpg"
10F4FACC-BDB5-4180-AB0A-8C7101EE307E,2025-12-10T10:55:58.651,Fazzoletto/tovaglietta seta momiji ricamato 67x67,,,,,1,,,,,,,,G058,Home,Giappone,,,"IMG787053182399.jpg
IMG787053304515.jpg
IMG787053328494.jpg"
14E851C6-4E76-455B-9704-B4DB342D24EB,2025-11-12T10:03:45.038,Fermacarte ghisa verdone,,,,,1,,,,,,,,G030,Home,Giappone,BX015,,"IMG784630976725.jpg
IMG784630995331.jpg"
98E6222A-7E3D-4470-B12F-0D86E96F6FA5,2025-11-11T16:32:46.779,Insalatiera ceramica grigia verdognola,,,,,1,,,,,,,,G024,Home,Giappone,BX014,,"IMG784479084481.jpg
IMG784479092297.jpg
IMG784479107980.jpg"
77689E93-596F-42B5-9678-4E30103F1C5F,2025-11-12T10:30:02.366,Ningyo Hina per Hinamatsuri,,,,,1,,,,,,,,G041,Home,Giappone,BX015,,"IMG784632411282.jpg
IMG784632430091.jpg
IMG784632438979.jpg
IMG784632450986.jpg"
DF5539F4-CA28-4A04-8F43-7A1B63489566,2025-11-12T09:54:44.770,Piattino lacca nero palle colorate,,,,,1,,,,,,,,G026,Home,Giappone,BX015,,"IMG784630382709.jpg
IMG784630392926.jpg
IMG784630402720.jpg"
431A91F4-E5C1-4953-97EE-1E5A9F6F195E,2025-11-12T10:13:13.795,Piattino terracotta rosa beige,,,,,1,,,,,,,,G035,Home,Giappone,BX015,,"IMG784631544651.jpg
IMG784631548625.jpg
IMG784631556559.jpg"
671ADBC4-0200-43D4-A39F-5D881DF00B54,2025-11-11T17:23:26.212,Piatto lacca rossa disegno fiore,,,,,1,,,,,,,,G022,Home,Giappone,BX014,,"IMG784478867889.jpg
IMG784478888119.jpg"
1DD54DCB-0544-4415-9A93-A27535A80D1E,2025-11-12T10:18:32.032,Piatto terracotta azzurro bambù ,,,,,1,,,,,,,,G038,Home,Giappone,BX015,,"IMG784631859601.jpg
IMG784631865509.jpg
IMG784631876903.jpg"
9A7AD08F-55EF-4A3F-9257-944164B3B1C7,2025-11-12T10:15:00.319,Piatto terracotta floreale,,,,,1,,,,,,,,G036,Home,Giappone,BX015,,"IMG784631644600.jpg
IMG784631654417.jpg
IMG784631665173.jpg"
3D391A67-38B5-4C2A-BFCA-A234A97ADCC5,2025-11-12T10:16:56.033,Piatto terracotta foglie blu,,,,,1,,,,,,,,G037,Home,Giappone,BX015,,"IMG784631748730.jpg
IMG784631755546.jpg
IMG784631766326.jpg"
CDDA3489-6F3E-4E02-B9AA-08802AB2718C,2025-12-10T11:17:19.849,Due quadri legno laccato nero fiori/farfalla e felci 41x32,,,,,1,,,,,,,,G064,Home,Giappone,,,"93a5ce1d-3169-4d5f-8b59-7c8f9944c71e.jpg
IMG787054583948.jpg
59d4bb25-d4c7-4632-916b-30fccd2daf97.jpg
35e0d4c5-aecf-46ef-b30d-63c9bf9b85dc.jpg
2ca5baf2-a60e-40d7-9f3f-0d0a9d3c96ff.jpg"
07FA50F8-33FE-42AE-9CB3-43164D55A3CA,2025-11-11T17:20:20.521,Scatola ceramica azzurra bianca paesaggi giapponesi,,,,,1,,,,,,,,G016,Home,Giappone,BX014,,"IMG784477889236.jpg
IMG784477897367.jpg
IMG784477905178.jpg
IMG784477915121.jpg"
F0244339-6F17-43AC-9C6C-AAAE7B195719,2025-11-11T16:39:45.270,Scatola ceramica azzurra/bianca quadrata,,,,,1,,,,,,,,G012,Home,Giappone,BX014,,"IMG784477151969.jpg
IMG784477162512.jpg
IMG784477177453.jpg
IMG784477193339.jpg"
D5512843-0A8F-427D-9D54-5177C2DFA4D2,2025-11-11T16:50:08.922,Scatola ceramica rotonda floreale 3 stacked,,,,,1,,,,,,,,G013,Home,Giappone,BX014,,"IMG784477537991.jpg
IMG784477545233.jpg
IMG784477562037.jpg"
0AD96B3F-66EE-4658-9EBD-C956D777D60D,2025-11-11T16:35:45.292,Scatola ceramica rotonda simboli vari,,,,,1,,,,,,,,G014,Home,Giappone,BX014,,"IMG784477631604.jpg
IMG784477651719.jpg
IMG784477671799.jpg"
8A12FAFE-D5B3-4671-8F26-9846773FDF57,2025-11-12T10:24:35.900,Scatola lacca nera rettangolare,,,,,1,,,,,,,,G040,Home,Giappone,BX015,,"IMG784632216863.jpg
IMG784632236500.jpg
IMG784632251870.jpg"
C681DDCC-DB00-47AE-BA6E-F56B8174638C,2025-12-10T10:47:34.256,Scroll fiore rosa (kakejiku) 190x55,,,,,1,,,,,,,,G045,Home,Giappone,,,"IMG787051548005.jpg
IMG787051595052.jpg"
D0CD6DF8-AFFF-4455-B246-29060735573A,2025-11-11T17:03:16.851,Sotto piatto acciaio nero,,,,,1,,,,,,,,G023,Home,Giappone,BX014,,"IMG784478968036.jpg
IMG784478973689.jpg
IMG784478988496.jpg"
53D8C1B1-0876-48CB-A23B-99A1EBDA8D18,2025-11-12T10:21:22.897,Specchio con coperchio dorato floreale e supporto,,,,,1,,,,,,,,G039,Home,Giappone,BX015,,"IMG784631970945.jpg
IMG784631978420.jpg
IMG784632004060.jpg
IMG784632019692.jpg"
1A5ED5D6-46A0-41CA-8F5A-D4F8CDBCC25E,2025-11-11T17:23:16.278,Tre piattini lacca rosa disegno fiore oro,,,,,1,,,,,,,,G021,Home,Giappone,BX014,,"IMG784478770871.jpg
IMG784478785517.jpg
IMG784478796927.jpg"
42C26639-5585-48A1-ACF8-32CBC5B81220,2025-11-12T10:53:25.328,Vaso fiori sfera striata,,,,,1,,,,,,,,G044,Home,Giappone,BX015,,"IMG784633976101.jpg
IMG784633983169.jpg"
AB7B1EF0-A6F9-411D-9E15-7D6704C0C760,2025-11-12T10:34:24.656,Vaso bianco floreale,,,,,1,,,,,,,,G042,Home,Giappone,BX015,,"IMG784632772765.jpg
IMG784632782106.jpg"
370980A4-FA48-4D29-8A48-35C059D0433D,2025-11-11T17:13:00.833,Vaso fiori bianco/azzurro 4 disegni,,,,,1,,,,,,,,G011,Home,Giappone,BX014,,"IMG784476970545.jpg
IMG784476980689.jpg
IMG784476984938.jpg
IMG784476990442.jpg
IMG784477001160.jpg"
B415CA49-417A-4ECE-8188-80F3F545C192,2025-11-10T15:34:22.233,Vaso fiori bianco disegno coniglio azzurro,,,,,1,,,,,,,,G017,Home,Giappone,,,"IMG784478004315.jpg
IMG784478015832.jpg
IMG784478023443.jpg"
E8B74097-BF91-4529-B93D-7B2F918A194D,2025-11-11T16:55:49.801,Vaso fiori bianco porcellana uccellini su ramo,,,,,1,,,,,,,,G008,Home,Giappone,BX014,,"IMG784463108550.jpg
IMG784463124115.jpg"
ED928E0F-31E8-41E7-9198-3C558FA5E26D,2025-11-11T17:29:39.966,Vaso fiori marroncino sfumature,,,,,1,,,,,,,,G006,Home,Giappone,BX014,,"IMG784462903033.jpg
IMG784462914285.jpg"
B4D7F658-1EF5-48F6-8691-03F068E88744,2025-11-11T17:01:48.695,Vaso fiori verde marrone,,,,,1,,,,,,,,G005,Home,Giappone,BX014,,"IMG784462826948.jpg
IMG784462838742.jpg"
D0738363-0606-4AC9-A63B-2AADB8B25820,2025-12-10T11:08:10.620,Ventagli vintage 43cm,,,,,1,,,,,,,,G061,Home,Giappone,,,IMG787054053111.jpg
ED66317B-F534-46EE-8783-53761FD4ABA7,2025-11-12T10:46:35.252,Contenitore rame doppio manico,,,,,1,,,,,,,,F006,Home,Oggetti vari,BX006,,"IMG784633553978.jpg
IMG784633559927.jpg
IMG784633569282.jpg"
873D06FC-E991-4687-A1E9-BFEABF592FA3,2025-11-12T10:39:30.955,Fermacarte ferro da stiro,,,,,1,,,,,,,,F001,Home,Oggetti vari,BX006,,"IMG784633013376.jpg
IMG784633024581.jpg
IMG784633038631.jpg"
550E9140-22CC-4B00-A3E0-80E0803895F5,2025-11-12T10:40:51.761,Fermacarte vetro sfera azzurra,,,,,1,,,,,,,,F002,Home,Oggetti vari,BX006,,"IMG784633206964.jpg
IMG784633214631.jpg"
D91442B5-E836-4C9D-81FC-9D3555C62C7F,2025-11-12T10:42:16.303,Fermacarte vetro sfera palle,,,,,1,,,,,,,,F003,Home,Oggetti vari,BX006,,"IMG784633291605.jpg
IMG784633302525.jpg"
B05878F7-7543-47F0-8558-FF2FA94C1FD6,2025-11-12T10:43:30.986,Fermacarte vetro sfera pianeta,,,,,1,,,,,,,,F004,Home,Oggetti vari,BX006,,"IMG784633380124.jpg
IMG784633386202.jpg"
238A902A-3E7D-4964-9D80-4442F8191B57,2025-11-12T10:48:03.310,Vaso fiori blu,,,,,1,,,,,,,,F007,Home,Oggetti vari,BX006,,"IMG784633647498.jpg
IMG784633656135.jpg"
E25474ED-1AB6-4A0A-B50C-23EA85570CBE,2025-11-12T10:55:02.484,Vaso fiori dorato,,,,,1,,,,,,,,F008,Home,Oggetti vari,BX006,,"IMG784634060184.jpg
IMG784634070525.jpg"
523ACB30-82B9-4A3B-A296-4876FA462671,2025-11-12T10:45:15.139,Vaso fiori vetro geometria,,,,,1,,,,,,,,F005,Home,Oggetti vari,BX006,,"IMG784633477748.jpg
IMG784633483738.jpg"
C699DA3F-2FFE-4154-A034-DBF6BC4B1582,2025-11-11T10:03:39.337,22x27 - 13x18 donna giapponese cavalca cicogna,,,,,1,,,,,,,,Q013,Home,Quadri,BX011*out Jan-7-26,,IMG784372863976.jpg
B4617FE7-BB27-4CE3-BDE5-E93700E52D7D,2025-11-11T10:03:52.554,22x27 - 13x18 donna giapponese legge,,,,,1,,,,,,,,Q011,Home,Quadri,BX011*out Jan-7-26,,IMG784372717209.jpg
76032614-D71D-47DB-BDB6-5945D1A11423,2025-11-11T10:03:31.911,22x27 - 13x18 paesaggio giapponese innevato,,,,,1,,,,,,,,Q014,Home,Quadri,BX011*out Jan-7-26,,IMG784372930984.jpg
E163EFDA-D272-44DF-A648-02EBDA2444C1,2025-11-11T10:03:58.175,22x27 - 13x18 uomo giapponese,,,,,1,,,,,,,,Q010,Home,Quadri,BX011*out Jan-7-26,,IMG784372571562.jpg
64403C84-B03D-4166-9732-035ABDFC58DD,2025-11-11T10:03:46.461,22x27 - 13x18 viso donna giapponese,,,,,1,,,,,,,,Q012,Home,Quadri,BX011*out Jan-7-26,,IMG784372809461.jpg
20912CB5-A775-4552-B9D2-85D7108F7C82,2025-11-09T11:00:31.056,25x37 - 22x33 donna,,,,,1,,,,,,,,Q022,Home,Quadri,BX011*out Jan-7-26,,IMG784375178123.jpg
875AC3EE-3353-41BA-AFB0-25E0403A043A,2025-11-11T10:03:25.320,27x22 - 18x13 monte Fuji giapponese,,,,,1,,,,,,,,Q015,Home,Quadri,BX011*out Jan-7-26,,IMG784373010028.jpg
37307E0A-C4DE-419F-B9A9-C851EBCF9047,2025-11-09T10:54:29.711,28x33 - 20x24 Isaia,,,,,1,,,,,,,,Q018,Home,Quadri,BX011*out Jan-7-26,,IMG784374808959.jpg
B11CB5E6-B2F9-47A9-ABBD-5B0E36F4A6DF,2025-11-09T10:52:49.270,28x38 - 21x30 piazza caricamento Genova,,,,,1,,,,,,,,Q017,Home,Quadri,BX011*out Jan-7-26,,IMG784374173839.jpg
0F78D674-108F-4257-907A-06042A04CDBA,2025-11-09T10:58:52.635,30x27 - 25x24 Love disappointed,,,,,1,,,,,,,,Q021,Home,Quadri,BX011*out Jan-7-26,,IMG784375077670.jpg
B15AB3E5-D170-4084-BCA0-5B92D868E095,2025-11-09T10:56:58.800,33x27 - 18x18 donne con pupi,,,,,1,,,,,,,,Q020,Home,Quadri,BX011*out Jan-7-26,,IMG784374943260.jpg
CAACE556-DFCC-4D8C-B227-9064F8FA33BE,2025-11-09T11:02:25.233,35x43 - 21x27 Cupid and Psyche,,,,,1,,,,,,,,Q023,Home,Quadri,BX010,,IMG784375277447.jpg
927D3406-1BF1-46C2-B539-59CB2185F9E4,2025-11-09T11:10:13.739,35x48 - 23x33 Donna giapponese ofuro,,,,,1,,,,,,,,Q025,Home,Quadri,,,IMG784375756160.jpg
D66C79C2-D955-48E7-91B3-AE99B515BC9F,2025-11-09T10:47:55.331,40x55 - 21x28 case,,,,,1,,,,,,,,Q003,Home,Quadri,BX010,,IMG784371244871.jpg
42C99BED-CBA4-46B4-B02F-B136328C6CDE,2025-11-09T10:48:38.132,42x47 - 21x30 viso donna con cappello,,,,,1,,,,,,,,Q008,Home,Quadri,BX010,,IMG784372216185.jpg
1192364F-7EA3-4D83-8302-BB9FA7C22F7A,2025-11-09T11:08:35.163,42x52 - 24x33 Madonna Gesu,,,,,1,,,,,,,,Q024,Home,Quadri,,,IMG784375645787.jpg
02573CF7-2D2E-4D45-83ED-C6CC5611637C,2025-11-09T10:47:39.947,42x55 - 17x25 coppia astratta,,,,,1,,,,,,,,Q001,Home,Quadri,BX010,,IMG784370799306.jpg
31AA8804-4854-4C09-975F-452CE8A0D672,2025-11-09T10:46:11.291,43x34 - 30x20 Bartolazzi Angeli con pecora,,,,,1,,,,,,,,Q016,Home,Quadri,BX010,,IMG784374020330.jpg
E0BA206F-AFC6-4324-83E1-67BBDA8252B1,2025-11-09T10:47:47.999,46x56 - 30x40 viso di donna,,,,,1,,,,,,,,Q002,Home,Quadri,BX010,,IMG784371123380.jpg
59191D14-7F49-4B75-975D-8690CD39B165,2025-11-09T10:48:30.641,51x39 - 28x21 cavalieri,,,,,1,,,,,,,,Q007,Home,Quadri,BX010,,IMG784372111173.jpg
D886219F-DF95-4968-85AD-7E41E5FE34F2,2025-11-09T10:47:29.335,51x40 - 35x23 nudo donna specchio,,,,,1,,,,,,,,Q009,Home,Quadri,BX010,,IMG784372326012.jpg
469C1552-D8FE-416B-8B67-45908B859254,2025-11-09T10:48:19.394,51x60 - 24x33 paese moschea,,,,,1,,,,,,,,Q006,Home,Quadri,BX010,,IMG784371971893.jpg
2FE4F030-747C-41B1-8488-58C01BE6742D,2025-11-09T10:48:02.273,53x63 - 30x40 Portofino Roberto Armiliato,,,,,1,,,,,,,,Q004,Home,Quadri,BX010,,IMG784371414723.jpg
1C63D52E-1E8A-4BCE-84F3-1D766834B9BD,2025-11-09T10:48:12.085,58x68 - 36x46 montagne e cervi Giappone,,,,,1,,,,,,,,Q005,Home,Quadri,BX010,,IMG784371813627.jpg
F2825AAB-9FBC-4796-BD57-D273FFF9DE6C,2025-11-09T11:12:42.634,72x64 - 50x42 paesaggio giapponese,,,,,1,,,,,,,,Q026,Home,Quadri,,,IMG784375869028.jpg
7A649D64-817C-4D13-AFD9-087ACFAD97F0,2025-11-09T11:14:26.217,96x79 Portofino,,,,,1,,,,,,,,Q027,Home,Quadri,,,IMG784376028254.jpg
BAF84F15-D5BC-4AA5-BAC1-6DD529FFD12D,2025-11-12T14:23:34.097,Adiantum Hispidulum,,,,,1,,,,,,,,Q030,Home,Quadri,,,IMG784646466233.jpg
29B386EB-11FA-499B-85F2-C8FF781BC1E8,2025-11-12T14:24:32.713,Blechnum Orientale,,,,,1,,,,,,,,Q031,Home,Quadri,,,IMG784646627482.jpg
C744141B-BC17-4D36-98E9-49BA6372BBBB,2025-11-12T14:26:35.709,Osmunda Regalis,,,,,1,,,,,,,,Q032,Home,Quadri,,,IMG784646767295.jpg
785C4817-EFA4-40C3-8E95-6BCC936B358A,2025-11-10T11:09:57.489,92x82 - 69x60 Cavalli nella foresta,,,,,1,,2025-11-10,,,,,,Q028,Home,Quadri,,,IMG784376120403.jpg
9C13D7CC-6D13-435B-88BE-D6A8124C5558,2025-11-12T14:18:06.815,Veliero e vele,,,,,1,,,,,,,,Q029,Home,Quadri,,,IMG784646262687.jpg
8D075B00-B74E-495F-9379-CC90C6CFB219,2025-11-09T08:46:16.879,Lattiera  mini,,,,,1,,,,,,,,0032,Home,Teiere,BX003,,"IMG784367136597.jpg
IMG784367174974.jpg"
F34E78AF-FAE8-4D82-95B0-D4029DF77B70,2025-11-09T09:02:40.000,Lattiera bianca fiori ovale,,,,,1,,,,,,,,0030,Home,Teiere,BX003,,"IMG784368135349.jpg
IMG784366376979.jpg
IMG784366441299.jpg"
294541BA-47AC-4114-A11A-E0C73FD7E6CA,2025-11-09T08:45:03.733,Lattiera ceramica bianca rotonda,,,,,1,,,,,,,,0031,Home,Teiere,BX003,,"IMG784367048470.jpg
IMG784367101694.jpg"
FA43DA50-A081-483C-9820-A52C30EA1415,2025-11-07T16:09:47.029,Teiera giapponese azzurrina foglie,,,,,1,,,,,,,,0005,Home,Teiere,BX001,,"IMG784203493248.jpg
IMG784203574134.jpg"
83B7C742-1597-4227-B248-3B48811F6957,2025-11-07T16:09:55.653,Teiera giapponese bambù,,,,,1,,,,,,,,0004,Home,Teiere,BX001,,"IMG784203372520.jpg
IMG784203432219.jpg"
2F207CF2-2966-4940-83B8-9A25F0EFDA2C,2025-11-07T16:07:14.462,Teiera giapponese blu disegno carro e fiori,,,,,1,,,,,,,,0020,Home,Teiere,BX003,,"IMG784220628726.jpg
IMG784220703379.jpg"
158B7EFE-B80F-440B-8F61-8B477EA6D966,2025-11-07T16:09:07.836,Teiera giapponese blu fiori sbeccata,,,,,1,,,,,,,,0010,Home,Teiere,BX001,Beccuccio sbeccato,"IMG784216923918.jpg
IMG784216984591.jpg"
15313A49-BE26-422E-966F-E6BD0BA90AA3,2025-11-07T16:09:20.211,Teiera giapponese blu manico,,,,,1,,,,,,,,0008,Home,Teiere,BX001,,"IMG784216346458.jpg
IMG784216413411.jpg"
4248C0EB-C741-41E0-B81F-DD4796F1F276,2025-11-07T16:09:12.706,Teiera giapponese ceramica foro blu,,,,,1,,,,,,,,0009,Home,Teiere,BX001,,"IMG784216688692.jpg
IMG784216744290.jpg"
DDDBF924-9B50-4EE3-B487-84D720232B10,2025-11-07T16:16:28.823,Teiera giapponese ghisa leggera bronzo scuro,,,,,1,,,,,,,,0021,Home,Teiere,BX003,,"IMG784221309999.jpg
IMG784221386535.jpg"
D243E68F-0392-4316-9AEB-D0BAB5FE5BB2,2025-11-07T16:08:04.421,Teiera giapponese ghisa leggero color bronzo,,,,,1,,,,,,,,0013,Home,Teiere,BX002,,"IMG784218238860.jpg
IMG784218297800.jpg
IMG784218314867.jpg"
0E48D673-E34F-4622-AAAB-5BBAADEDCA09,2025-11-07T16:08:20.150,Teiera giapponese ghisa nera pesante,,,,,1,,,,,,,,0011,Home,Teiere,BX002,,"IMG784217322527.jpg
IMG784217382620.jpg
IMG784217414058.jpg"
145C4016-39EC-44D0-AA69-C5B7CA479C3A,2025-11-07T16:08:10.226,Teiera giapponese ghisa nera pesante,,,,,1,,,,,,,,0012,Home,Teiere,BX002,,"IMG784217743851.jpg
IMG784217808852.jpg
IMG784217820050.jpg"
FF567D50-67D9-45E6-B755-E50E8068B51E,2025-11-07T16:07:57.044,Teiera giapponese ghisa nera arrugginito ,,,,,1,,,,,,,,0014,Home,Teiere,BX002,,"IMG784218558262.jpg
IMG784218632809.jpg
IMG784218650241.jpg"
F28DA871-EB18-4572-95B8-524D96DABB7D,2025-11-09T08:19:53.066,Teiera giapponese ghisa piccola,,,,,1,,,,,,,,0023,Home,Teiere,BX003,,"IMG784365508269.jpg
IMG784365591045.jpg"
B532EC6B-E0C7-4859-B6BB-CABA8BB73678,2025-11-07T16:07:48.642,Teiera giapponese ghisa piccolo rosso terra,,,,,1,,,,,,,,0015,Home,Teiere,BX002,,"IMG784218813671.jpg
IMG784218880281.jpg
IMG784218897048.jpg"
C768C044-CE4C-49C1-8041-96AA270AB65B,2025-11-07T16:10:00.841,Teiera giapponese momiji,,,,,1,,,,,,,,0003,Home,Teiere,BX001,,"IMG784203215377.jpg
IMG784203264772.jpg"
28EBA3EC-EA30-4D30-A720-6614B9525033,2025-11-07T16:07:24.833,Teiera giapponese porcellana scritte e uccellini di ramo,,,,,1,,,,,,,,0019,Home,Teiere,BX003,,"IMG784220324452.jpg
IMG784220386466.jpg"
410B41C1-9594-44FA-B8CF-6E46F53C812E,2025-11-07T16:21:38.671,Teiera giapponese terracotta marrone scuro piccola,,,,,1,,,,,,,,0022,Home,Teiere,BX003,,"IMG784221623381.jpg
IMG784221693385.jpg"
4D557359-2489-41E7-8811-C23FA149EA38,2025-11-07T16:09:38.807,Teiera ghisa color rame,,,,,1,,,,,,,,0006,Home,Teiere,BX001,,"IMG784203636603.jpg
IMG784203715801.jpg"
86F0EA98-8046-4C86-929C-A01EC9C4117D,2025-11-07T16:07:31.713,Teiera porcellana beige striata,,,,,1,,,,,,,,0018,Home,Teiere,BX002,,"IMG784219878177.jpg
IMG784219949152.jpg
IMG784219965260.jpg"
68D41F5E-D625-4AC2-9CCA-10877129531A,2025-11-07T16:07:44.104,Teiera porcellana floreale,,,,,1,,,,,,,,0016,Home,Teiere,BX002,,"IMG784219163817.jpg
IMG784219198580.jpg"
71BD1987-EFD9-45E8-AB76-DE4BB43B676B,2025-11-07T16:07:38.250,Teiera porcellana giapponese marroncina momiji alta,,,,,1,,,,,,,,0017,Home,Teiere,BX002,,"IMG784219527133.jpg
IMG784219600983.jpg
IMG784219645632.jpg"
CF96B734-8629-42B8-A795-F710269540D5,2025-11-09T08:21:48.137,Teiera soprammobile ghisa mini,,,,,1,,,,,,,,0024,Home,Teiere,BX003,,"IMG784365649286.jpg
IMG784365705812.jpg"
17C59965-41D5-47FF-8694-0C41D6F3BCA5,2025-11-09T08:23:23.598,Teiera soprammobile ghisa mini,,,,,1,,,,,,,,0025,Home,Teiere,BX003,,"IMG784365760228.jpg
IMG784365800444.jpg"
0604FB99-8E1F-4B6F-9B38-22BD97ED12F7,2025-11-09T08:28:21.843,Teiera soprammobile/fermacarte pietra,,,,,1,,,,,,,,0027,Home,Teiere,BX003,,IMG784366059259.jpg
4941A6C4-12D3-49A7-B023-8D0B5D18EBF3,2025-11-07T16:10:10.312,Teiera terracotta marrone giapponese,,,,,1,,,,,,,,0001,Home,Teiere,BX001,,"IMG784202491653.jpg
IMG784202714796.jpg"
5C35A8F9-ACBD-43FF-9E39-29768050D5F5,2025-11-07T16:10:05.841,Teiera terracotta rossa giapponese,,,,,1,,,,,,,,0002,Home,Teiere,BX001,,"IMG784202999275.jpg
IMG784203082571.jpg"
F3A5A42C-C9EF-49D8-91AB-3663A1D42D03,2025-11-07T16:09:32.135,Teiera terracotta verdina striata,,,,,1,,,,,,,,0007,Home,Teiere,BX001,,"IMG784203859235.jpg
IMG784203924960.jpg"
9AB483B8-1A4B-4BD1-A531-4E85A376EF9C,2025-11-09T08:34:56.595,Teiera/lattiera alta mini,,,,,1,,,,,,,,0026,Home,Teiere,BX003,,"IMG784365965554.jpg
IMG784366016977.jpg"
1C37FEDD-D7A4-449C-B382-888852D0DFCD,2025-11-09T08:34:32.990,Teiera/lattiera piccola fiori bianca,,,,,1,,,,,,,,0028,Home,Teiere,BX003,,"IMG784366156046.jpg
IMG784366215807.jpg"
7D7391A8-FF67-4F2E-925D-67974D6F5581,2025-11-09T08:32:10.832,Teiera/lattiera piccola terracotta marrone,,,,,1,,,,,,,,0029,Home,Teiere,BX003,,"IMG784366268289.jpg
IMG784366330756.jpg"
1A9D5D9B-2BC4-43E3-85D8-1B87C0FB6EBB,2026-01-17T17:35:01.978,Borsellino tessuto e pelle,,,,,1,,,,,,,,K004,Home,Giappone,BX018,,"IMG787330550439.jpg
IMG787330604000.jpg
IMG787330687264.jpg"
72545A3D-82DF-4ADE-B994-DC3296A83F99,2025-12-13T17:43:24.387,Hagoita tavoletta decorativa vintage anni 60-70,,,,,1,,,,,,,,K006,Home,Giappone,,,"IMG787336968721.jpg
IMG787336585856.jpg
IMG787336978060.jpg"
AF6F1F02-3B48-4897-AF41-970396D99B12,2026-01-17T17:34:31.158,Hagoita tavolette decorative vintage anni 60-70,,,,,1,,,,,,,,K007,Home,Giappone,BX018,,"IMG787335883241.jpg
IMG787335883309.jpg
IMG787335883401.jpg
IMG787335883516.jpg
IMG787335883584.jpg
IMG787335883663.jpg"
17FD2DA7-223B-47B6-9C1C-5B6DE4424B2F,2026-01-17T17:35:15.065,Porta occhiali eco pelle blu scuro,,,,,1,,,,,,,,K003,Home,Giappone,BX018,,"IMG787330085303.jpg
IMG787330262757.jpg"
2C40E800-76E7-4C02-8B1D-9D968C6BE982,2026-01-17T17:34:51.820,Specchio piccolo in legno fiori di ciliegio,,,,,1,,,,,,,,K005,Home,Giappone,BX018,,"IMG787331234488.jpg
IMG787331248371.jpg
IMG787331259177.jpg"
02E426CE-B091-4F13-A865-AABAFB86D610,2026-01-17T17:35:46.377,Vaso piccolo in ghisa da appendere,,,,,1,,,,,,,,K002,Home,Giappone,BX018,,"IMG787329557908.jpg
IMG787329557973.jpg
IMG787329558064.jpg
IMG787329558134.jpg"
8055791A-2171-4181-879E-76E22BCBC9CC,2026-01-17T17:32:38.676,Accessorio capelli per kimono con scatola di legno,,,,,1,,,,,,,,K012,Home,Giappone,BX018,,"IMG790354023769.jpg
IMG790354023846.jpg
IMG790354023928.jpg
IMG790354024019.jpg
IMG790354252008.jpg
IMG790354252087.jpg"
1A9D5D9B-2BC4-43E3-85D8-1B87C0FB6EBB,2026-01-17T17:35:01.978,Borsellino tessuto e pelle,,,,,1,,,,,,,,K004,Home,Giappone,BX018,,"IMG787330550439.jpg
IMG787330604000.jpg
IMG787330687264.jpg"
CDDE9304-8BAF-40A7-8364-29A095C21927,2026-01-17T17:31:45.752,Campanellini terracotta,,,,,1,,,,,,,,K016,Home,Giappone,BX018,,"IMG790355348148.jpg
IMG790355348224.jpg
IMG790355348302.jpg
IMG790355348379.jpg"
89AC7785-B9DF-404D-A841-381287812042,2026-01-24T20:35:35.500,Cestino,,,,,1,,,,,,,,K024,Home,Giappone,BX019,,"IMG790356898911.jpg
IMG790356899036.jpg
IMG790356899126.jpg"
FAB261AD-22E2-42C3-8E73-4E2430BF9B50,2026-01-17T17:29:34.883,Cestino con coperchio in scatola di cartone,,,,,1,,,,,,,,K021,Home,Giappone,BX018,,"IMG790356286762.jpg
IMG790356286872.jpg
IMG790356286974.jpg
IMG790356287066.jpg"
550F082D-836D-433B-91A3-AF01354A9222,2026-01-17T17:30:23.092,Ciotola ceramica,,,,,1,,,,,,,,K017,Home,Giappone,BX018,,"IMG790355519769.jpg
IMG790355519842.jpg
IMG790355519923.jpg"
F8A5C34D-49EC-4E5B-877F-551C0D6EB38A,2026-01-24T20:35:19.974,Coppia di piatti,,,,,1,,,,,,,,K025,Home,Giappone,BX019,,"IMG790357041943.jpg
IMG790357042062.jpg
IMG790357042151.jpg"
72545A3D-82DF-4ADE-B994-DC3296A83F99,2025-12-13T17:43:24.387,Hagoita tavoletta decorativa vintage anni 60-70,,,,,1,,,,,,,,K006,Home,Giappone,,,"IMG787336585856.jpg
IMG787336968721.jpg
IMG787336978060.jpg"
AF6F1F02-3B48-4897-AF41-970396D99B12,2026-01-17T17:34:31.158,Hagoita tavolette decorative vintage anni 60-70,,,,,1,,,,,,,,K007,Home,Giappone,BX018,,"IMG787335883241.jpg
IMG787335883309.jpg
IMG787335883401.jpg
IMG787335883516.jpg
IMG787335883584.jpg
IMG787335883663.jpg"
482F1487-6D0C-48D6-A29D-D41F3466D419,2026-01-18T20:10:48.227,Piatto ceramica rettangolare,,,,,1,,,,,,,,K028,Home,Giappone,BX018,,"IMG790456220274.jpg
IMG790456220351.jpg
IMG790456220438.jpg"
AA3FDCC5-F686-4FDC-9FDB-E50354DBD8FD,2026-01-18T20:10:08.503,Piatto rettangolare ceramica oro,,,,,1,,,,,,,,K027,Home,Giappone,BX018,,"IMG790456071643.jpg
IMG790456071720.jpg
IMG790456071894.jpg
IMG790456071981.jpg"
17FD2DA7-223B-47B6-9C1C-5B6DE4424B2F,2026-01-17T17:35:15.065,Porta occhiali eco pelle blu scuro,,,,,1,,,,,,,,K003,Home,Giappone,BX018,,"IMG787330085303.jpg
IMG787330262757.jpg"
78DA098A-86C8-4A9E-A526-71B2E1926C27,2026-01-17T17:31:55.989,Set 5 bicchierini in ceramica,,,,,1,,,,,,,,K015,Home,Giappone,BX018,,"IMG790355240828.jpg
IMG790355240908.jpg
IMG790355241022.jpg"
02B5E9B4-70CE-4C56-856F-87C3DE479972,2026-01-24T20:36:15.684,Set 5 ciotoline ceramica sottilissima,,,,,1,,,,,,,,K033,Home,Giappone,BX019,,"IMG790974814095.jpg
IMG790974814173.jpg
IMG790974814274.jpg
IMG790974814355.jpg
IMG790974814441.jpg"
497F6D66-2740-4785-8018-B4CCFACAD203,2026-01-24T20:36:32.193,Set 5 ciotoline con foglia,,,,,1,,,,,,,,K035,Home,Giappone,BX019,,"IMG790975074847.jpg
IMG790975074927.jpg
IMG790975075013.jpg
IMG790975075093.jpg
IMG790975075170.jpg"
9A403E46-3DBA-4166-92E3-5A184087B1FF,2026-01-17T17:32:24.145,Set 5 ciotoline piccole in ceramica con scatola di legno,,,,,1,,,,,,,,K013,Home,Giappone,BX018,,"IMG790354449803.jpg
IMG790354449871.jpg
IMG790354450059.jpg
IMG790354449992.jpg
IMG790354450153.jpg
IMG790354677050.jpg
IMG790354677116.jpg
IMG790354677191.jpg
IMG790354677270.jpg"
81E2F054-806E-4B2A-A638-174F8EF90E92,2026-01-17T17:32:49.919,Set 5 piattini legno,,,,,1,,,,,,,,K011,Home,Giappone,BX018,,"IMG790353934587.jpg
IMG790353934665.jpg
IMG790353934754.jpg"
A7A2B191-968D-4716-8136-16870B7267EC,2026-01-24T20:36:23.929,Set 5 piattini legno laccato con fiore inciso,,,,,1,,,,,,,,K034,Home,Giappone,BX019,,"IMG790974948414.jpg
IMG790974948509.jpg
IMG790974948656.jpg
IMG790974948738.jpg
IMG790974948830.jpg"
1CDE069C-5613-4E90-8D62-307635AE885F,2026-01-17T17:33:09.691,Set 5 piattini legno laccato nero/oro,,,,,1,,,,,,,,K010,Home,Giappone,BX018,,"IMG790353819660.jpg
IMG790353819744.jpg
IMG790353819837.jpg
IMG790353819915.jpg
IMG790353820029.jpg
IMG790353820147.jpg"
26C59843-0401-4AC0-B068-333F3AC2891B,2026-01-24T20:34:47.032,Set 5 poggia hashi (bacchette per mangiare) con scatola in legno,,,,,1,,,,,,,,K020,Home,Giappone,BX019,,"IMG790356110184.jpg
IMG790356110277.jpg
IMG790356110389.jpg"
C2393C24-CDA4-4E22-AE4E-213FA00B9D00,2026-01-24T20:35:01.089,Set 5 poggia hashi (bacchette per mangiare) in ceramica,,,,,1,,,,,,,,K019,Home,Giappone,BX019,,"IMG790355895607.jpg
IMG790355895692.jpg
IMG790355895784.jpg
IMG790355895863.jpg"
75F9DA8B-D792-4E41-AA4E-6C554B095CCD,2026-01-17T17:33:49.933,Set di 5 piattini di carta di riso con foglie,,,,,1,,,,,,,,K008,Home,Giappone,BX018,,"IMG790353483937.jpg
IMG790353484025.jpg
IMG790353484173.jpg"
608F210B-736D-414C-A409-F2B49F807A6F,2026-01-17T17:33:27.948,Set di 5 porta hashi (bacchette) forma ventaglio in ceramica,,,,,1,,,,,,,,K009,Home,Giappone,BX018,,"IMG790353680455.jpg
IMG790353680568.jpg
IMG790353680657.jpg
IMG790353680746.jpg
IMG790353680832.jpg"
2C40E800-76E7-4C02-8B1D-9D968C6BE982,2026-01-17T17:34:51.820,Specchio piccolo in legno fiori di ciliegio,,,,,1,,,,,,,,K005,Home,Giappone,BX018,,"IMG787331234488.jpg
IMG787331248371.jpg
IMG787331259177.jpg"
DB06881E-4B42-4EDF-BDE3-F73F417BA341,2026-01-17T17:27:59.225,Vaso ceramica,,,,,1,,,,,,,,K023,Home,Giappone,BX018,,"IMG790356668171.jpg
IMG790356668244.jpg
IMG790356668326.jpg
IMG790356668405.jpg"
FF1B1408-DCE2-4776-B2A9-8621EDA16279,2026-01-17T17:32:10.321,Vaso contenitore per il te in ceramica,,,,,1,,,,,,,,K014,Home,Giappone,BX018,,"IMG790354737862.jpg
IMG790354737936.jpg
IMG790354738014.jpg"
ACEB0EAC-7E8B-4915-9DD9-362FF4C63DF8,2026-01-17T17:28:09.533,Vaso legno laccato con disegni oro,,,,,1,,,,,,,,K022,Home,Giappone,BX018,,"IMG790356447664.jpg
IMG790356447740.jpg
IMG790356447864.jpg
IMG790356447939.jpg"
02E426CE-B091-4F13-A865-AABAFB86D610,2026-01-17T17:35:46.377,Vaso piccolo in ghisa da appendere,,,,,1,,,,,,,,K002,Home,Giappone,BX018,,"IMG787329557908.jpg
IMG787329557973.jpg
IMG787329558064.jpg
IMG787329558134.jpg"
F15C3600-DA78-4E57-98E7-6D9CF4BC1ED2,2026-01-24T20:34:12.174,Vassoio legno laccato,,,,,1,,,,,,,,K026,Home,Giappone,BX019,,"IMG790456028130.jpg
IMG790456028251.jpg
IMG790456028338.jpg"
E68944EB-2B92-4685-901B-698C56C19995,2026-01-24T20:23:17.418,Vassoio legno laccato antico,,,,,1,,,,,,,,K037,Home,Giappone,,,"IMG790975349988.jpg
IMG790975350104.jpg
IMG790975350227.jpg
IMG790975350348.jpg"
E9EE847A-6D10-439E-A260-124EF57FC418,2026-01-17T17:30:03.480,Ventaglio dorato con astuccio in tessuto kimono,,,,,1,,,,,,,,K018,Home,Giappone,BX018,,"IMG790355735769.jpg
IMG790355735892.jpg
IMG790355736017.jpg
IMG790355736107.jpg
IMG790355736195.jpg"
143F6FEC-5B81-42E6-8B09-566389934938,2026-01-18T20:14:48.877,Tavolo ovale fine ‘700 cm145x117 h78 + 4 sedie,,,,,1,,,,,,,,,Home,Mobili d’epoca,,,"IMG790456332484.jpg
IMG790456332603.jpg
IMG790456332732.jpg
IMG790456332853.jpg
IMG790456332981.jpg
IMG790456333114.jpg
IMG790456333198.jpg"
C68FB13C-998A-4D5A-AB8F-30BACAF221A6,2026-01-24T20:37:04.154,Set teierina con lattiera e 5 tazzine,,,,,1,,,,,,,,K032,Home,Teiere,BX019,,"IMG790974722116.jpg
IMG790974722186.jpg
IMG790974722273.jpg
IMG790974722353.jpg
IMG790974722434.jpg"
60D88A57-D864-4869-B45A-6E58A9AD5ADC,2026-01-24T20:37:10.576,Teiera terracotta,,,,,1,,,,,,,,K031,Home,Teiere,BX019,,"IMG790974610192.jpg
IMG790974610261.jpg
IMG790974610346.jpg"
D4A539C3-DD1E-4042-915B-927AFAA8E380,2026-01-24T20:35:45.455,2 ciotoline porcellana con cane,,,,,1,,,,,,,,K029,Home,Giappone,BX019,,"IMG790974249207.jpg
IMG790974249278.jpg
IMG790974249357.jpg
IMG790974249447.jpg"
C5487547-A940-4170-8E32-F943F46C570C,2026-01-24T20:36:43.758,2 tazze ceramica con scatola legno,,,,,1,,,,,,,,K036,Home,Giappone,BX019,,"IMG790975216603.jpg
IMG790975216711.jpg
IMG790975216792.jpg
IMG790975216882.jpg"
82458A8E-AB3A-45F0-A108-0FF63F50CF85,2026-01-24T20:35:53.557,4 piattini ceramica forma kimono,,,,,1,,,,,,,,K030,Home,Giappone,BX019,,"IMG790974454878.jpg
IMG790974454948.jpg
IMG790974455030.jpg"
5190C939-CCDC-4F9C-B40A-F63768AC5CE9,2026-02-01T18:22:30.552,3 ciotoline ceramica,,,,,1,,,,,,,,K072,Home,Giappone,BX019,,"IMG791651562354.jpg
IMG791651562437.jpg
IMG791651562513.jpg"
884C8BB9-0FCB-417D-863E-8A4441FA7288,2026-02-01T18:21:57.970,5 piatti frutta + 5 piatti fondi porcellana,,,,,1,,,,,,,,K073,Home,Giappone,,,"IMG791659264323.jpg
IMG791659264449.jpg
IMG791659264575.jpg
IMG791659264650.jpg
IMG791659264736.jpg
IMG791659264814.jpg"
8893D415-8AFA-4531-88C9-C02C764C5ED1,2026-01-31T15:23:42.247,Bambola tessuto kimono base legno,,,,,1,,,,,,,,K043,Home,Giappone,,,"IMG791562170454.jpg
IMG791562170537.jpg"
B053B771-4F28-406B-9099-20336211A66D,2026-01-31T15:09:54.710,Bambola tessuto kimono base legno anni 60-70,,,,,1,,,,,,,,K041,Home,Giappone,,,"IMG791561348156.jpg
IMG791561348265.jpg"
FB66F1E8-C5A4-49FD-A0D9-814544EFAA6A,2026-01-31T15:28:05.341,Bambola tessuto kimono base legno laccato,,,,,1,,,,,,,,K044,Home,Giappone,,,"IMG791562452170.jpg
IMG791562452282.jpg
IMG791562452372.jpg"
268621A2-44B1-4864-91B0-9B8E6241D61B,2026-01-31T14:57:40.267,"Bambola tessuto kimono seta, base legno, anni 60-70",,,,,1,,,,,,,,K039,Home,Giappone,,,"IMG791560446432.jpg
IMG791560446545.jpg
IMG791560446668.jpg"
5FE20A03-6F77-418B-8D6A-721586CE5FED,2026-01-31T14:57:31.504,"Bambole di carta washi, base legno, anni 60-70",,,,,1,,,,,,,,K038,Home,Giappone,,,"IMG791560336949.jpg
IMG791560337064.jpg
IMG791560337176.jpg
IMG791560337296.jpg
IMG791560337430.jpg
IMG791560337510.jpg"
DE9E2CBB-0BAB-4263-AB93-C6047501AECB,2026-02-01T14:47:59.181,Borsa tessuto kimono,,,,,1,,,,,,,,K061,Home,Giappone,BX019,,IMG791646052620.jpg
8090DDD3-5541-4990-B3BB-F32BF0D46F64,2026-02-01T14:47:52.062,Borsa tessuto kimono vintage,,,,,1,,,,,,,,K062,Home,Giappone,BX019,,IMG791646123772.jpg
23B194C6-BD01-4534-91EF-44036BC4D1C2,2026-02-01T14:47:43.778,Borsa tessuto kimono vintage,,,,,1,,,,,,,,K063,Home,Giappone,BX019,,IMG791646199182.jpg
6517F7F6-D730-4D45-96F4-6F7AFA112469,2026-02-01T14:48:09.570,Borsetta e borsellino,,,,,1,,,,,,,,K059,Home,Giappone,BX019,,"IMG791645822967.jpg
IMG791645823089.jpg"
A3AC2D8F-B1B9-4C2A-98B7-A11B1359D447,2026-02-01T14:47:27.517,Borsetta tessuto kimono,,,,,1,,,,,,,,K058,Home,Giappone,BX019,,IMG791645778597.jpg
3636039B-E97D-48EB-AA7D-AE8260886A00,2026-02-01T14:48:42.534,Ciotola ceramica con scatola legno,,,,,1,,,,,,,,K045,Home,Giappone,,,"IMG791562776339.jpg
IMG791562776418.jpg
IMG791562776536.jpg
IMG791562776616.jpg"
BF5808FA-4C6E-45FF-A235-01D353EEA7C0,2026-02-01T18:24:02.876,Ciotola porcellana,,,,,1,,,,,,,,K065,Home,Giappone,BX019,,"IMG791650529211.jpg
IMG791650529280.jpg
IMG791650529354.jpg"
21AF934C-D907-48BC-B0AA-E7C64655B993,2026-02-01T18:23:40.203,Ciotola porcellana momiji,,,,,1,,,,,,,,K066,Home,Giappone,BX019,,"IMG791650580266.jpg
IMG791650580343.jpg
IMG791650580419.jpg"
C8EA6B42-9208-4B36-AD06-B0C9E95E5AEB,2026-02-01T18:23:18.686,Ciotola verde con fiori,,,,,1,,,,,,,,K067,Home,Giappone,BX019,,"IMG791650623533.jpg
IMG791650623607.jpg
IMG791650623687.jpg"
BBD3064D-A5D1-4F98-8654-A3067A98D8E1,2026-02-01T18:22:46.779,Ciotolina porcellana,,,,,1,,,,,,,,K070,Home,Giappone,BX019,,"IMG791650985301.jpg
IMG791650986640.jpg
IMG791650987969.jpg"
480EBE56-C724-44BB-9E4F-AB03615CBC9A,2026-02-01T18:22:58.070,Coppia di ciotoline basse ceramica,,,,,1,,,,,,,,K069,Home,Giappone,BX019,,"IMG791650765268.jpg
IMG791650765370.jpg
IMG791650765449.jpg"
4E13348C-B95E-4986-BE4B-EE37658F91E6,2026-02-01T18:22:38.517,Coppia di ciotoline piccole,,,,,1,,,,,,,,K071,Home,Giappone,BX019,,"IMG791651357296.jpg
IMG791651357362.jpg
IMG791651357442.jpg"
18B24AA1-8A05-4BEC-A907-21426DC71A9F,2026-01-31T15:16:39.662,Hina ningyo - bambola tessuto kimono base legno laccato anni 60-70,,,,,1,,,,,,,,K042,Home,Giappone,,,"IMG791561739316.jpg
IMG791561739391.jpg
IMG791561739532.jpg"
E48D654E-ECC2-4B35-B3BB-B700110F725E,2026-01-31T15:06:24.077,"Hina ningyo - bambole carta washi, base legno",,,,,1,,,,,,,,K040,Home,Giappone,,,"IMG791560943970.jpg
IMG791560944047.jpg
IMG791560944136.jpg"
918FBBC7-48D7-40BE-8436-6FB14E527682,2026-01-31T19:12:07.434,Noren - tenda divisoria,,,,,1,,,,,,,,K056,Home,Giappone,BX020,,"IMG791575115133.jpg
IMG791575115213.jpg
IMG791575115334.jpg"
895C234D-8C99-451C-B3D3-931991B734C6,2026-01-31T19:12:35.867,Noren - tenda divisoria anni 70-80,,,,,1,,,,,,,,K053,Home,Giappone,BX020,,"IMG791574784190.jpg
IMG791574784271.jpg
IMG791574784414.jpg"
F500DFF4-1A83-4984-A522-0F8724D944DD,2026-01-31T19:12:24.267,Noren - tenda divisoria anni 70-80,,,,,1,,,,,,,,K054,Home,Giappone,BX020,,"IMG791574900300.jpg
IMG791574900395.jpg
IMG791574900538.jpg"
9BA134EC-33CF-4BEF-ACD7-7A21CEE2475D,2026-01-31T19:12:13.304,Noren - tenda divisoria cotone pesante,,,,,1,,,,,,,,K055,Home,Giappone,BX020,,"IMG791575011739.jpg
IMG791575011819.jpg
IMG791575011990.jpg
IMG791575012064.jpg"
F3DADD12-22DA-41FD-968B-FA74D77FA2C2,2026-01-31T19:12:00.850,Noren - tenda divisoria cotone pesante,,,,,1,,,,,,,,K057,Home,Giappone,BX020,,"IMG791575187785.jpg
IMG791575187884.jpg
IMG791575187999.jpg"
471877BF-D078-4CD8-A899-CA91597FF785,2026-01-31T19:12:44.188,Noren- tenda divisoria anni 70-80,,,,,1,,,,,,,,K052,Home,Giappone,BX020,,"IMG791574682471.jpg
IMG791574682585.jpg
IMG791574682707.jpg
IMG791574682853.jpg"
B02B8E2A-ADCA-4D1C-A983-12119059614C,2026-01-31T19:13:22.331,Obi - cintura per kimono,,,,,1,,,,,,,,K047,Home,Giappone,BX020,,IMG791574286892.jpg
D2FF333C-FC20-49C0-B294-C78EDB17CBBE,2026-01-31T19:13:07.737,Obi - cintura per kimono,,,,,1,,,,,,,,K049,Home,Giappone,BX020,,"IMG791574397140.jpg
IMG791574397259.jpg"
EEE21E9F-878F-4DF2-815A-D250DB0CD63A,2026-01-31T19:12:59.972,Obi - cintura per kimono,,,,,1,,,,,,,,K050,Home,Giappone,BX020,,IMG791574516023.jpg
11B8972E-816F-4EA2-ABC5-0A05531046AE,2026-01-31T19:13:15.658,Obi - cinture per kimono,,,,,1,,,,,,,,K048,Home,Giappone,BX020,,IMG791574341172.jpg
34FDA27B-1A6E-4617-BB96-EF35B1EBA9FB,2026-01-31T19:12:52.986,Obiage - accessorio in seta per kimono da uomo,,,,,1,,,,,,,,K051,Home,Giappone,BX020,,IMG791574563730.jpg
04FA0116-64D8-479D-9290-32074B110E30,2026-01-31T19:13:30.642,Obiage accessorio in seta per kimono,,,,,1,,,,,,,,K046,Home,Giappone,BX020,,IMG791574207709.jpg
0AE1387D-FAA8-484A-A57E-53267E19AAB8,2026-02-01T14:47:35.339,Piccola borsina tessuto kimono,,,,,1,,,,,,,,K060,Home,Giappone,BX019,,IMG791645923443.jpg
356DD9F6-FF7B-485C-A5BC-AF4739600AEF,2026-02-01T18:24:11.205,Svuota tasche ceramica,,,,,1,,,,,,,,K064,Home,Giappone,BX019,,"IMG791650460150.jpg
IMG791650460252.jpg
IMG791650460377.jpg
IMG791650461688.jpg"
8FD74807-99B9-4FEF-86E1-6E612C6A633A,2026-02-01T18:23:09.107,Tazza ceramica,,,,,1,,,,,,,,K068,Home,Giappone,BX019,,"IMG791650698015.jpg
IMG791650698087.jpg
IMG791650698166.jpg
IMG791650698245.jpg"
455E9020-7F63-4041-942C-B4699C3C960E,2026-01-31T19:11:53.357,Tovaglia cotone cm 141x96,,,,,1,,,,,,,,K058,Home,Giappone,BX020,,IMG791575269790.jpg
